{
  "version": 1,
  "author": "Anonymous maker",
  "editor": "wokwi",
  "parts": [
    {
      "type": "board-st-nucleo-c031c6",
      "id": "nucleo",
      "top": -27.97,
      "left": 66.22,
      "attrs": {}
    },
    { "type": "wokwi-led", "id": "led1", "top": 25.2, "left": -44.2, "attrs": { "color": "red" } },
    { "type": "wokwi-led", "id": "led2", "top": 63.6, "left": -73, "attrs": { "color": "red" } },
    {
      "type": "wokwi-led",
      "id": "led3",
      "top": 92.4,
      "left": -111.4,
      "attrs": { "color": "red" }
    },
    {
      "type": "wokwi-led",
      "id": "led4",
      "top": 121.2,
      "left": -149.8,
      "attrs": { "color": "red" }
    }
  ],
  "connections": [
    [ "$serialMonitor:TX", "nucleo:PA3", "", [] ],
    [ "$serialMonitor:RX", "nucleo:PA2", "", [] ],
    [ "nucleo:A0", "led1:A", "green", [ "h0" ] ],
    [ "led1:C", "nucleo:GND.6", "green", [ "v0" ] ],
    [ "nucleo:A1", "led2:A", "green", [ "h0" ] ],
    [ "led2:C", "nucleo:GND.6", "green", [ "v0" ] ],
    [ "nucleo:A2", "led3:A", "green", [ "h0" ] ],
    [ "led3:C", "nucleo:GND.6", "green", [ "v0" ] ],
    [ "nucleo:A3", "led4:A", "green", [ "h0" ] ],
    [ "led4:C", "nucleo:GND.6", "green", [ "v0" ] ]
  ],
  "dependencies": {}
}